,City,Max Temp,Lon,Lat,cloudiness,Wind Speed ,Humidity,Country,Date
0,mataura,15.32,168.86,-46.19,56,10.4,70,NZ,1541175286
1,tomatlan,24.6,-105.25,19.93,12,1.5,76,MX,1541175286
2,busselton,16.15,115.35,-33.64,12,5.1,100,AU,1541175286
3,bredasdorp,20.0,20.04,-34.53,0,9.8,52,ZA,1541170800
4,trinidad,20.0,-56.9,-33.52,0,7.2,52,UY,1541170800
5,komsomolskiy,-4.91,63.78,67.55,80,2.7,84,RU,1541175292
6,katsuura,10.65,134.5,33.93,12,2.3,100,JP,1541175294
7,bayan,-6.11,107.54,47.25,92,3.1,53,MN,1541175296
8,butaritari,29.1,172.79,3.07,44,4.5,100,KI,1541175297
9,taltal,18.55,-70.49,-25.41,36,1.2,81,CL,1541175298
10,mount isa,25.0,139.49,-20.73,0,2.1,69,AU,1541174400
11,chokurdakh,-21.91,147.9,70.62,48,1.25,62,RU,1541175299
12,kangaba,34.32,-8.41,11.94,0,6.55,39,ML,1541175300
13,bambous virieux,22.0,57.76,-20.34,20,3.1,88,MU,1541170800
14,zapolyarnyy,-2.0,30.82,69.43,40,9.3,92,RU,1541173800
15,puerto baquerizo moreno,24.0,-89.6,-0.9,75,4.1,73,EC,1541170800
16,norman wells,-12.0,-126.83,65.28,90,1.1,92,CA,1541170800
17,albany,16.1,-73.75,42.65,90,1.6,83,US,1541174100
18,rikitea,22.35,-134.97,-23.12,68,9.85,100,PF,1541175304
19,sitka,10.17,-99.65,37.17,56,5.55,44,US,1541175304
20,teguise,23.0,-13.56,29.06,75,10.8,60,ES,1541174400
21,tasiilaq,-1.0,-37.64,65.61,40,3.6,58,GL,1541173800
22,vila velha,31.0,-38.6,-3.71,40,7.2,62,BR,1541174400
23,ulaanbaatar,-8.0,106.92,47.92,40,4.0,72,MN,1541174400
24,amga,-8.58,131.98,60.89,44,3.55,54,RU,1541175308
25,fortuna,21.0,-1.13,38.18,40,6.2,46,ES,1541174400
26,surt,25.92,16.59,31.21,44,6.0,72,LY,1541175310
27,port alfred,18.4,26.89,-33.59,0,5.9,81,ZA,1541175310
28,camopi,34.47,-52.33,3.17,24,1.35,45,GF,1541175311
29,buchanan,32.0,-10.05,5.88,75,5.7,66,LR,1541172600
30,jamestown,14.35,138.6,-33.21,0,3.5,57,AU,1541175048
31,upernavik,-7.06,-56.15,72.79,20,2.1,100,GL,1541175314
32,port hardy,10.0,-127.42,50.7,75,2.6,87,CA,1541174400
33,hermanus,25.9,19.24,-34.42,0,2.1,28,ZA,1541175316
34,plouzane,13.0,-4.62,48.38,0,2.6,54,FR,1541174400
35,carnarvon,23.1,22.13,-30.97,0,2.7,7,ZA,1541175317
36,lebu,19.4,38.73,8.96,0,3.45,32,ET,1541175318
37,luganville,25.72,167.18,-15.51,92,9.85,100,VU,1541175318
38,kaka,-0.96,59.62,37.35,36,1.05,100,TM,1541175319
39,hambantota,26.7,81.12,6.12,24,1.25,100,LK,1541175319
40,atuona,27.0,-139.03,-9.8,8,4.9,100,PF,1541175322
41,tocopilla,17.32,-70.2,-22.09,0,1.75,95,CL,1541175323
42,qaanaaq,-17.28,-69.36,77.48,0,4.45,100,GL,1541175323
43,mar del plata,17.55,-67.52,-46.43,20,3.85,49,AR,1541175324
44,kargalinskaya,12.0,46.48,43.74,0,10.4,65,RU,1541175324
45,kharovsk,3.82,40.21,59.95,88,2.2,96,RU,1541175326
46,mangrol,22.72,76.51,25.33,8,2.1,50,IN,1541175327
47,kapaa,25.0,-159.32,22.08,75,6.2,79,US,1541172540
48,zaltan,18.22,11.87,32.95,88,2.7,100,LY,1541175329
49,east london,19.0,27.91,-33.02,20,6.2,55,ZA,1541170800
50,provideniya,2.5,-173.23,64.42,48,9.35,100,RU,1541175332
51,hobart,8.0,147.33,-42.88,40,12.3,61,AU,1541174400
52,amsterdam,10.0,4.89,52.37,20,7.2,70,NL,1541170500
53,tessalit,33.65,1.01,20.2,0,3.7,23,ML,1541175335
54,kutum,31.0,24.66,14.2,0,2.9,13,SD,1541175336
55,castro,10.67,-73.76,-42.48,56,1.5,88,CL,1541175336
56,punta arenas,13.0,-70.91,-53.16,75,7.7,43,CL,1541170800
57,tuktoyaktuk,-12.0,-133.03,69.44,90,2.6,92,CA,1541170800
58,yar-sale,-11.01,70.83,66.83,56,9.6,100,RU,1541175338
59,los llanos de aridane,22.0,-17.92,28.66,75,6.7,78,ES,1541174400
60,jinchang,-0.21,102.19,38.52,64,3.05,77,CN,1541175340
61,taoudenni,29.2,-3.98,22.68,0,2.1,28,ML,1541175341
62,avarua,24.0,-159.78,-21.21,40,5.1,78,CK,1541170800
63,bluff,19.2,149.07,-23.58,0,3.9,80,AU,1541175343
64,ushuaia,11.0,-68.31,-54.81,90,2.1,67,AR,1541170800
65,hofn,-1.0,-15.21,64.25,40,2.6,74,IS,1541174400
66,ashland,8.9,-82.64,38.48,90,3.6,73,US,1541173860
67,milkovo,17.0,24.68,41.53,48,0.5,93,BG,1541174400
68,vila franca do campo,21.0,-25.43,37.72,75,4.6,73,PT,1541174400
69,dwarka,24.0,77.04,28.58,64,3.1,60,IN,1541174400
70,mirabad,10.1,61.33,28.27,12,4.55,25,IR,1541175349
71,ancud,10.7,-73.83,-41.87,88,1.45,91,CL,1541175350
72,kruisfontein,17.47,24.73,-34.0,0,8.25,81,ZA,1541175350
73,mandan,3.9,-100.89,46.83,90,2.6,100,US,1541174100
74,victoria,27.0,115.24,5.28,90,2.1,88,BN,1541174400
75,mitchell,6.1,-98.03,43.71,90,3.1,85,US,1541173980
76,san pedro del pinatar,21.0,-0.79,37.84,0,2.1,59,ES,1541174400
77,butterworth,27.0,100.37,5.4,75,1.8,88,MY,1541174400
78,port elizabeth,22.0,-74.98,39.31,20,3.6,86,US,1541174100
79,dicabisagan,23.55,122.42,17.08,0,1.25,100,PH,1541175357
80,arraial do cabo,28.0,-42.02,-22.97,75,4.1,69,BR,1541170800
81,coahuayana,22.65,-100.35,18.62,48,1.05,60,MX,1541175359
82,cherskiy,-16.06,161.3,68.75,36,0.85,65,RU,1541175359
83,kurilsk,6.85,147.88,45.23,0,4.35,100,RU,1541175360
84,havoysund,6.0,24.66,71.0,0,5.7,90,NO,1541173800
85,luderitz,24.0,15.16,-26.65,0,6.2,31,NA,1541170800
86,narsaq,-3.0,-46.05,60.91,20,0.5,63,GL,1541173800
87,thompson,-8.0,-97.86,55.74,75,3.6,78,CA,1541174400
88,baruun-urt,-1.43,113.28,46.68,92,7.7,74,MN,1541175365
89,kodiak,10.0,-94.76,39.95,75,6.7,71,US,1541173980
90,nanortalik,0.4,-45.24,60.14,48,5.45,95,GL,1541175367
91,vaini,25.6,74.49,15.34,92,1.05,75,IN,1541175369
92,inirida,30.5,-67.92,3.87,8,1.15,66,CO,1541175373
93,saint-augustin,14.0,-0.61,44.83,0,3.6,66,FR,1541174400
94,saint-philippe,5.0,-73.48,45.36,90,6.15,100,CA,1541174100
95,shieli,-4.08,66.74,44.18,0,2.6,73,KZ,1541175375
96,puerto ayora,24.0,-90.35,-0.74,75,2.6,64,EC,1541170800
97,eshowe,14.05,31.46,-28.89,76,1.45,89,ZA,1541175378
98,verkhoyansk,-19.28,133.39,67.55,76,1.35,70,RU,1541175379
99,sola,9.0,5.65,58.89,40,5.7,75,NO,1541173800
100,puerto escondido,27.0,-97.07,15.86,40,1.4,74,MX,1541169900
101,kalmunai,25.42,81.82,7.42,36,1.5,94,LK,1541175207
102,nome,16.7,-94.42,30.04,1,1.75,65,US,1541174100
103,ornes,8.0,5.47,49.25,90,4.1,93,FR,1541174400
104,skibbereen,10.0,-9.27,51.55,75,5.7,87,IE,1541174400
105,bushehr,27.0,50.84,28.97,75,4.1,42,IR,1541172600
106,beringovskiy,0.05,179.32,63.05,92,3.3,100,RU,1541175386
107,riyadh,25.0,46.72,24.63,0,1.5,22,SA,1541170800
108,hithadhoo,27.6,73.08,-0.6,88,5.65,100,MV,1541175387
109,mehndawal,23.72,83.11,26.98,0,3.3,46,IN,1541175389
110,barrow,10.3,-60.23,-38.31,92,5.95,100,AR,1541175389
111,porto novo,26.0,-45.44,-23.68,75,1.0,65,BR,1541174400
112,champa,23.65,82.65,22.03,0,2.55,79,IN,1541175393
113,tevriz,0.47,72.4,57.51,88,3.75,92,RU,1541175395
114,namatanai,26.72,152.44,-3.66,68,2.1,100,PG,1541175396
115,husavik,0.25,-96.99,50.56,92,2.55,100,CA,1541175397
116,nioro,34.35,-15.05,13.79,32,5.1,49,GM,1541175398
117,kloulklubed,26.0,134.26,7.04,75,1.5,94,PW,1541170200
118,divo,30.15,-5.36,5.83,32,1.5,75,CI,1541175399
119,ginda,7.1,78.49,30.69,48,0.85,73,IN,1541175400
120,vao,9.82,26.19,59.1,80,4.7,97,EE,1541175400
121,davydovka,3.25,39.42,51.16,0,3.6,81,RU,1541175401
122,cape town,24.0,18.42,-33.93,0,6.2,41,ZA,1541170800
123,lavrentiya,2.9,-170.99,65.58,92,7.45,100,RU,1541175403
124,cayenne,32.0,-52.33,4.94,20,5.7,55,GF,1541172600
125,najran,24.0,44.22,17.54,0,5.1,33,SA,1541170800
126,cidreira,21.95,-50.22,-30.17,8,4.95,79,BR,1541175405
127,sao filipe,27.8,-24.5,14.9,20,6.55,84,CV,1541175406
128,faanui,25.32,-151.75,-16.48,92,8.7,100,PF,1541175407
129,vardo,19.0,-77.74,39.62,1,1.5,78,US,1541174100
130,ribeira grande,21.0,-28.7,38.52,20,5.7,88,PT,1541174400
131,harper,15.1,-99.24,30.3,1,4.1,58,US,1541174100
132,awjilah,26.72,21.3,29.14,8,2.65,31,LY,1541175410
133,leh,-12.83,77.58,34.16,68,0.95,64,IN,1541175410
134,turukhansk,-9.53,87.96,65.8,80,7.95,81,RU,1541175411
135,sandwick,6.0,-2.89,54.57,64,3.1,87,GB,1541173800
136,petropavlovsk-kamchatskiy,-4.0,158.65,53.05,0,2.0,92,RU,1541170800
137,avera,20.0,-82.53,33.19,90,3.1,97,US,1541173440
138,khatanga,-17.06,102.47,71.98,64,5.8,71,RU,1541175416
139,chuy,18.65,-53.46,-33.69,0,4.0,94,UY,1541175418
140,carmen,23.17,124.8,7.2,76,1.1,92,PH,1541175282
141,hilo,19.4,-155.08,19.71,1,3.1,75,US,1541170560
142,bambanglipuro,24.35,110.28,-7.95,0,1.25,81,ID,1541175420
143,alekseyevsk,-11.01,108.35,57.84,48,2.75,42,RU,1541175423
144,angoche,26.55,39.91,-16.23,76,8.95,96,MZ,1541175424
145,okhotsk,-7.08,143.24,59.36,68,1.65,100,RU,1541175425
146,ilulissat,-9.0,-51.1,69.22,75,7.2,52,GL,1541173800
147,coihaique,13.0,-72.07,-45.58,40,2.6,43,CL,1541170800
148,cocorit,18.0,-109.96,27.57,5,1.05,68,MX,1541169780
149,jega,36.55,4.38,12.22,0,2.05,33,NG,1541175428
150,banjar,22.85,108.54,-7.37,88,0.95,95,ID,1541175429
151,basco,9.0,-91.2,40.33,1,2.15,81,US,1541172900
152,clyde river,-12.0,-68.59,70.47,75,5.7,78,CA,1541174400
153,wucheng,11.82,119.57,29.09,100,0.8,99,CN,1541175432
154,hami,1.47,93.51,42.84,76,1.35,70,CN,1541175433
155,samsun,15.0,36.33,41.29,40,1.5,87,TR,1541173800
156,nachalovo,5.0,48.19,46.34,0,4.0,56,RU,1541172600
157,kununurra,27.0,128.74,-15.77,40,1.5,78,AU,1541174400
158,sao joao da barra,27.0,-41.05,-21.64,75,4.1,65,BR,1541170800
159,cabras,16.55,-75.6,5.5,92,0.25,96,CO,1541175437
160,geraldton,1.0,-86.95,49.72,90,2.1,80,CA,1541174400
161,esperance,29.0,-61.45,10.24,100,6.2,79,TT,1541170800
162,uyuni,19.5,-66.82,-20.46,0,4.8,25,BO,1541175441
163,lompoc,18.9,-120.46,34.64,1,2.1,46,US,1541174160
164,dromolaxia,25.0,33.59,34.88,0,6.2,47,CY,1541174400
165,tiksi,-22.56,128.87,71.64,20,2.3,64,RU,1541175443
166,fare,25.82,-151.02,-16.7,68,9.6,100,PF,1541175444
167,biltine,35.65,20.93,14.53,0,1.95,15,TD,1541175445
168,portree,8.4,-6.19,57.41,88,8.35,100,GB,1541175441
169,la orilla,26.42,-102.23,18.0,100,1.3,97,MX,1541175446
170,barzas,-6.0,86.32,55.72,90,7.0,92,RU,1541172600
171,donskoye,9.0,41.98,45.45,40,11.0,66,RU,1541172600
172,mount gambier,12.35,140.78,-37.83,80,4.55,67,AU,1541175448
173,samarai,25.55,150.67,-10.62,76,5.45,100,PG,1541175449
174,hay river,-4.0,-115.79,60.82,90,5.1,85,CA,1541174400
175,pinawa,-0.01,-95.88,50.15,92,1.95,100,CA,1541175450
176,muroto,11.9,134.14,33.37,0,3.45,100,JP,1541175451
177,senanga,35.47,23.3,-16.1,12,3.3,23,ZM,1541175452
178,windhoek,31.0,17.08,-22.57,0,2.1,8,NA,1541170800
179,saskylakh,-15.68,114.09,71.97,56,4.8,81,RU,1541175454
180,cabo san lucas,22.0,-109.91,22.89,5,2.7,73,MX,1541169840
181,mountain home,7.8,-115.69,43.13,1,2.6,100,US,1541170680
182,airai,18.85,125.41,-8.93,8,0.85,86,TL,1541175458
183,jiuquan,-4.86,98.49,39.73,44,2.4,74,CN,1541175459
184,belyy yar,-6.0,91.39,53.6,0,4.0,62,RU,1541172600
185,honiara,24.0,159.96,-9.43,75,1.5,94,SB,1541170800
186,comodoro rivadavia,14.0,-67.48,-45.87,75,2.1,67,AR,1541170800
187,tucano,33.55,-38.79,-10.96,0,2.6,39,BR,1541175461
188,abonnema,30.0,6.79,4.71,75,2.6,74,NG,1541170800
189,laguna,18.0,-110.01,27.52,5,1.05,68,MX,1541169780
190,carbonia,17.0,8.53,39.17,0,0.5,77,IT,1541173800
191,pisco,22.0,-76.2,-13.71,90,3.6,30,PE,1541170800
192,karpathos,20.0,27.21,35.51,20,3.6,88,GR,1541173800
193,bous,10.0,6.8,49.28,20,3.1,87,DE,1541174400
194,pacific grove,14.4,-121.92,36.62,1,1.3,69,US,1541174100
195,likhoy,8.32,40.2,48.13,0,6.15,50,RU,1541175467
196,lima,20.1,-77.04,-12.06,8,1.25,68,PE,1541175468
197,esil,-0.03,66.41,51.96,92,5.7,90,KZ,1541175469
198,lagoa,21.0,-8.45,37.14,75,3.6,64,PT,1541174400
199,bend,13.0,-121.32,44.06,1,6.7,58,US,1541174160
200,port hedland,25.0,118.58,-20.31,0,4.6,78,AU,1541174400
201,urucara,30.65,-57.76,-2.54,8,1.3,70,BR,1541175473
202,teruel,16.0,-1.11,40.34,12,2.1,55,ES,1541174400
203,kalabo,35.15,22.67,-15.0,64,2.4,21,ZM,1541175475
204,kesinga,26.3,83.22,20.19,0,2.95,66,IN,1541175476
205,chapais,0.0,-74.86,49.78,90,4.1,89,CA,1541173500
206,lakes entrance,19.25,147.99,-37.88,0,6.8,53,AU,1541175478
207,maniitsoq,-9.96,-52.9,65.42,0,3.35,100,GL,1541175479
208,kedrovyy,-6.0,91.82,56.17,40,4.0,53,RU,1541172600
209,luanda,28.0,13.24,-8.83,20,3.6,65,AO,1541170800
210,alofi,23.97,-169.92,-19.06,92,6.9,100,NU,1541175370
211,wanning,10.0,13.53,48.64,0,1.5,87,AT,1541173800
212,orichi,2.55,49.06,58.4,88,3.7,96,RU,1541175482
213,nikolskoye,7.0,30.79,59.7,90,4.0,93,RU,1541172600
214,batagay-alyta,-26.68,130.41,67.8,20,1.15,22,RU,1541175483
215,yerbogachen,-10.53,108.01,61.28,76,4.55,52,RU,1541175484
216,sept-iles,4.0,-66.38,50.2,90,1.4,80,CA,1541170800
217,linjiang,-6.01,126.91,41.81,0,1.45,62,CN,1541175485
218,yauya,13.35,-77.29,-8.99,0,1.05,70,PE,1541175488
219,booue,28.67,11.94,-0.09,76,1.2,76,GA,1541175489
220,fort wellington,28.07,-57.6,6.4,88,5.25,97,GY,1541175489
221,usinsk,-2.36,57.56,66.0,80,2.85,93,RU,1541175490
222,los altos,24.45,-65.5,-28.05,0,2.5,63,AR,1541175492
223,bethel,-8.3,-161.76,60.79,1,6.7,87,US,1541173980
224,charters towers,20.8,146.27,-20.07,0,3.8,80,AU,1541175495
225,tuatapere,14.9,167.69,-46.13,76,10.2,79,NZ,1541175496
226,hualmay,20.07,-77.61,-11.1,0,1.75,73,PE,1541175497
227,raudeberg,7.0,5.14,61.99,75,6.2,75,NO,1541173800
228,fort saint james,0.32,-124.25,54.43,80,0.6,100,CA,1541175500
229,tura,20.95,90.21,25.52,0,0.85,91,IN,1541175501
230,quatre cocos,22.0,57.76,-20.21,20,3.1,88,MU,1541170800
231,torbay,7.0,-52.73,47.66,75,4.1,75,CA,1541174400
232,mwense,26.32,28.7,-10.39,44,1.8,64,ZM,1541175503
233,pho chai,22.17,103.77,16.33,0,5.1,59,TH,1541175504
234,mahebourg,22.0,57.7,-20.41,20,3.1,88,MU,1541170800
235,coruripe,27.55,-36.18,-10.12,0,6.55,88,BR,1541175505
236,sarishabari,20.45,89.83,24.75,0,1.9,93,BD,1541175506
237,penzance,12.0,-5.53,50.12,20,4.1,71,GB,1541173800
238,kaitangata,10.4,169.85,-46.28,92,1.65,89,NZ,1541175508
239,new norfolk,8.0,147.06,-42.78,40,12.3,61,AU,1541174400
240,san jeronimo,3.0,-73.37,-13.65,75,3.6,328,PE,1541170800
241,lasa,22.0,32.53,34.92,0,1.0,60,CY,1541174400
242,biak,26.17,122.88,-0.91,44,1.3,95,ID,1541175512
243,urbana,7.5,-88.21,40.11,90,1.5,87,US,1541172900
244,quesnel,5.0,-122.49,52.98,90,1.0,100,CA,1541174400
245,adrian,7.8,-84.04,41.9,90,4.1,82,US,1541173980
246,talnakh,-15.01,88.39,69.49,48,4.65,76,RU,1541175515
247,youhao,7.07,128.84,47.86,0,3.9,58,CN,1541175517
248,totness,21.0,-80.8,33.74,90,3.1,95,US,1541174160
249,vostok,-8.28,135.83,46.45,0,1.05,71,RU,1541175518
250,kabare,16.72,29.38,-1.65,76,0.65,100,RW,1541175520
251,aksay,10.92,39.86,47.27,0,7.65,46,RU,1541175520
252,dunedin,12.92,170.5,-45.87,92,5.7,64,NZ,1541175453
253,hovd,7.0,10.7,63.83,75,2.1,93,NO,1541173800
254,tateyama,2.2,137.31,36.66,0,0.95,100,JP,1541175523
255,saldanha,17.72,-6.55,41.42,8,2.65,65,PT,1541175524
256,ambilobe,30.95,49.05,-13.19,32,4.8,36,MG,1541175524
257,portobelo,28.0,-79.65,9.55,40,2.1,78,PA,1541170800
258,idrinskoye,-8.31,92.14,54.37,64,4.05,52,RU,1541175527
259,man,29.6,-7.55,7.41,20,1.4,79,CI,1541175527
260,general roca,19.0,-67.58,-39.03,40,2.05,59,AR,1541174400
261,cheremshan,2.42,51.51,54.66,92,3.9,77,RU,1541175528
262,general elizardo aquino,29.9,-56.9,-24.45,32,4.95,91,PY,1541175529
263,caranavi,23.17,-67.57,-15.83,56,0.9,84,BO,1541175399
264,kampot,24.2,104.18,10.62,20,1.3,82,KH,1541175531
265,winnemucca,6.7,-117.74,40.97,1,1.05,62,US,1541174160
266,college,-15.0,-147.8,64.86,1,3.45,84,US,1541174280
267,bam,12.15,58.36,29.11,0,4.45,27,IR,1541175534
268,souillac,13.0,-0.6,45.6,0,3.1,66,FR,1541174400
269,apple valley,21.1,-117.19,34.5,1,1.6,34,US,1541174100
270,tadine,22.17,167.88,-21.55,24,8.8,100,NC,1541175536
271,rocha,18.6,-54.34,-34.48,0,3.9,62,UY,1541175538
272,domingos martins,27.0,-40.66,-20.36,75,8.7,69,BR,1541170800
273,sattahip,25.0,100.9,12.67,0,2.1,65,TH,1541174400
274,linqiong,18.0,103.46,30.42,44,0.85,82,CN,1541170800
275,keti bandar,27.97,67.45,24.14,0,3.3,96,PK,1541175542
276,makhachkala,12.0,47.5,42.98,75,10.0,66,RU,1541172600
277,vladyslavivka,12.0,25.74,50.53,90,4.0,87,UA,1541170800
278,lakhdenpokhya,6.07,30.2,61.52,88,6.1,97,RU,1541175267
279,urengoy,-8.81,78.37,65.96,80,10.25,87,RU,1541175544
280,abeche,37.0,20.83,13.83,0,2.05,14,TD,1541170800
281,changli,11.9,105.42,30.54,0,1.95,63,CN,1541175545
282,ponta delgada,21.0,-25.67,37.73,75,4.6,73,PT,1541174400
283,severo-kurilsk,5.0,156.12,50.68,64,9.65,94,RU,1541175546
284,lorengau,27.0,147.27,-2.02,68,4.2,100,PG,1541175547
285,isiro,22.4,27.62,2.77,76,0.55,93,CD,1541175550
286,broken hill,22.05,141.45,-31.97,0,4.65,41,AU,1541175395
287,jumla,-3.93,82.18,29.28,0,1.0,89,NP,1541175552
288,marawi,20.2,124.29,8.0,64,0.65,98,PH,1541175552
289,cobija,32.0,-68.77,-11.02,20,5.1,59,BR,1541170800
290,auki,34.32,6.51,12.18,0,2.05,25,NG,1541175555
291,shelburne,5.0,-80.2,44.08,90,2.1,100,CA,1541175000
292,port-cartier,4.0,-66.88,50.03,90,2.05,80,CA,1541170800
293,rio grande,21.0,-52.1,-32.03,0,5.1,60,BR,1541170800
294,hailey,3.0,-114.32,43.52,20,2.6,86,US,1541173620
295,touros,30.6,-35.46,-5.2,8,7.1,64,BR,1541175558
296,dikson,-4.83,80.55,73.51,64,3.0,100,RU,1541175558
297,swan river,-4.56,-101.27,52.11,64,1.95,82,CA,1541175560
298,sakhnovshchyna,7.07,35.87,49.15,0,3.85,64,UA,1541175562
299,xai-xai,20.92,33.64,-25.04,92,10.25,100,MZ,1541175563
300,russell,23.0,-68.8,-33.01,20,4.1,46,AR,1541170800
301,trail,11.0,-117.71,49.1,75,5.1,81,CA,1541174400
302,diamantino,31.9,-56.44,-14.4,8,2.05,76,BR,1541175565
303,jalu,27.65,21.55,29.03,0,2.2,32,LY,1541175565
304,daru,30.95,-10.85,7.99,0,2.25,79,SL,1541175567
305,zyryanovsk,-14.86,84.27,49.74,0,0.85,79,KZ,1541175567
306,the valley,30.0,-63.06,18.22,20,7.2,74,AI,1541170800
307,filingue,37.97,3.32,14.35,0,4.15,16,NE,1541175569
308,sorsk,-11.18,90.25,54.0,68,4.7,80,RU,1541175571
309,alcala de henares,18.0,-3.36,40.48,20,7.7,52,ES,1541174400
310,lom sak,16.05,101.24,16.78,0,1.05,82,TH,1541175574
311,umm lajj,23.55,37.27,25.02,24,2.5,100,SA,1541175574
312,siniscola,16.0,9.69,40.57,20,0.5,93,IT,1541173800
313,bogorodskoye,2.47,140.44,52.37,36,3.55,79,RU,1541175576
314,kargil,-8.16,76.13,34.56,68,0.7,93,PK,1541175577
315,natchez,12.0,-91.4,31.56,40,3.1,71,US,1541171880
316,saint anthony,8.9,-111.68,43.97,90,6.2,76,US,1541174820
317,yulara,30.0,130.99,-25.24,40,6.2,33,AU,1541170800
318,kaeo,6.92,173.78,-35.1,0,2.65,95,NZ,1541175581
319,dawlatabad,2.35,64.91,36.41,8,4.25,57,AF,1541175581
320,hasaki,8.0,140.83,35.73,20,1.0,93,JP,1541172600
321,inhambane,26.0,35.38,-23.87,75,2.6,65,MZ,1541170800
322,elizabeth city,22.8,-76.22,36.3,1,4.1,84,US,1541174340
323,skagen,10.0,13.44,58.6,80,4.6,81,SE,1541173800
324,cap malheureux,22.0,57.61,-19.98,20,3.1,88,MU,1541170800
325,arman,-4.0,150.17,59.7,90,1.0,100,RU,1541170800
326,vanavara,-10.68,102.28,60.35,44,3.0,59,RU,1541175586
327,kjollefjord,5.0,27.35,70.95,0,13.4,64,NO,1541173800
328,yellowknife,-4.0,-114.38,62.45,90,5.1,92,CA,1541174400
329,collie,15.8,116.15,-33.36,92,2.7,70,AU,1541175592
330,akdepe,2.0,59.39,42.05,0,2.15,59,TM,1541172600
331,macon,19.0,-83.63,32.84,90,2.1,96,US,1541173140
332,krasnyy chikoy,-9.96,108.75,50.36,64,1.6,56,RU,1541175595
333,nizhnyaya poyma,-7.28,97.2,56.16,12,3.45,46,RU,1541175595
334,rostovka,-1.0,73.58,55.02,75,7.0,92,RU,1541172600
335,vestmanna,6.0,-7.17,62.16,80,4.6,100,FO,1541173800
336,coquimbo,18.0,-71.34,-29.95,0,6.2,59,CL,1541170800
337,pevek,-13.03,170.27,69.7,76,2.35,100,RU,1541175602
338,ornskoldsvik,5.0,18.72,63.29,75,2.6,100,SE,1541173800
339,klaksvik,6.0,-6.59,62.23,80,4.6,98,FO,1541173800
340,constitucion,11.0,-104.67,23.99,5,1.0,71,MX,1541169840
341,capiibary,29.47,-56.03,-24.8,20,1.7,72,PY,1541175607
342,inuvik,-11.0,-133.71,68.36,75,1.5,85,CA,1541174400
343,lodja,25.0,23.6,-3.52,64,1.0,89,CD,1541175608
344,kenai,-12.2,-151.26,60.55,1,3.1,91,US,1541174160
345,la ronge,-4.0,-105.3,55.1,90,3.6,73,CA,1541170800
346,iqaluit,-15.0,-68.52,63.75,20,5.7,71,CA,1541174400
347,ust-nera,-20.43,143.24,64.57,56,0.95,59,RU,1541175611
348,tecoanapa,28.0,-99.26,16.99,5,1.5,78,MX,1541169960
349,barroso,26.0,-46.22,-23.67,75,1.0,65,BR,1541174400
350,plesetsk,1.4,40.29,62.71,80,2.05,92,RU,1541175615
351,puerto madero,20.0,-58.36,-34.61,0,4.6,68,AR,1541170800
352,ugoofaaru,28.75,73.0,5.67,0,1.85,100,MV,1541175617
353,wonthaggi,14.65,145.59,-38.6,76,4.3,64,AU,1541175618
354,pangnirtung,-10.0,-65.72,66.15,40,1.0,56,CA,1541174400
355,san patricio,26.42,-56.83,-26.98,24,2.55,86,PY,1541175620
356,tatarskaya pishlya,0.57,44.9,54.06,8,4.35,85,RU,1541175621
357,pyaozerskiy,0.9,31.17,65.83,92,2.5,100,RU,1541175622
358,georgetown,30.0,-58.16,6.8,75,3.1,70,GY,1541170800
359,havre-saint-pierre,5.0,-63.6,50.23,20,1.0,75,CA,1541174400
360,tual,29.07,132.75,-5.67,56,4.65,100,ID,1541175625
361,banjarmasin,25.17,114.59,-3.32,12,2.15,100,ID,1541175625
362,salcininkai,11.0,25.38,54.3,75,6.2,93,LT,1541173800
363,saint george,19.0,22.34,39.45,0,1.15,82,GR,1541173800
364,gillette,3.9,-105.5,44.29,90,8.2,64,US,1541173980
365,oga,31.7,5.65,8.18,36,1.95,67,NG,1541175630
366,noumea,18.0,166.46,-22.28,0,1.5,77,NC,1541174400
367,isangel,22.57,169.27,-19.55,92,9.6,100,VU,1541175633
368,conceicao do araguaia,31.17,-49.26,-8.26,12,3.0,82,BR,1541175633
369,san cristobal,15.0,-78.55,-0.39,75,4.6,58,EC,1541170800
370,brasilia,29.0,-37.55,-10.9,20,8.7,62,BR,1541174400
371,codrington,18.65,153.24,-28.95,8,3.05,76,AU,1541175636
372,arcachon,14.0,-1.18,44.65,0,3.6,58,FR,1541174400
373,cockburn town,27.5,-71.14,21.46,44,7.45,100,TC,1541175416
374,sault sainte marie,3.3,-84.36,46.49,75,5.7,64,CA,1541174400
375,mayo,-13.0,-135.9,63.59,90,2.6,78,CA,1541174400
376,namibe,22.85,12.15,-15.19,0,5.1,100,AO,1541175642
377,pedasi,26.22,-80.03,7.53,56,2.85,100,PA,1541175643
378,honggang,10.1,114.87,29.51,56,1.0,78,CN,1541175643
379,mudon,25.1,97.73,16.26,0,1.6,78,MM,1541175644
380,kondopoga,6.0,34.27,62.21,92,2.0,93,RU,1541170800
381,zhigansk,-17.93,123.37,66.77,32,3.4,65,RU,1541175647
382,chilmari,22.97,89.66,25.59,20,0.6,85,BD,1541175648
383,pozoblanco,17.0,-4.85,38.38,40,1.5,72,ES,1541174400
384,erzin,22.0,36.2,36.95,0,3.1,52,TR,1541173800
385,medicine hat,4.0,-110.68,50.04,90,2.1,100,CA,1541174400
386,araouane,32.42,-3.53,18.9,0,3.8,26,ML,1541175652
387,tazovskiy,-10.86,78.7,67.47,64,9.25,85,RU,1541175652
388,serpa,18.0,-7.6,37.94,75,4.6,82,PT,1541174400
389,warmbad,11.0,13.08,50.67,0,1.0,81,DE,1541174400
390,hohhot,5.0,111.65,40.81,0,1.0,56,CN,1541170800
391,pochutla,30.0,-96.47,15.74,75,3.15,70,MX,1541173620
392,alyangula,28.17,136.42,-13.85,0,3.45,100,AU,1541175658
393,labuhan,24.4,115.51,-2.54,24,0.9,90,ID,1541175659
394,muravlenko,-7.36,74.5,63.79,64,9.95,78,RU,1541175660
395,svetlogorsk,2.0,59.15,53.14,75,5.0,74,RU,1541172600
396,antalaha,25.45,50.28,-14.9,0,4.9,76,MG,1541175661
397,colac,12.57,143.59,-38.34,20,5.1,65,AU,1541175662
398,alice springs,24.0,133.88,-23.7,0,1.6,69,AU,1541174400
399,sur,25.82,59.53,22.57,0,5.7,99,OM,1541175665
400,carutapera,32.55,-46.02,-1.2,0,4.8,59,BR,1541175667
401,karasburg,30.32,18.75,-28.01,0,3.15,7,NA,1541175668
402,ponta do sol,27.65,-46.0,-20.63,20,2.15,83,BR,1541175669
403,baryshivka,10.0,31.33,50.36,90,4.0,81,UA,1541174400
404,beira,15.0,-8.36,43.2,90,1.5,93,ES,1541174400
405,margarita,18.0,7.68,44.4,40,0.5,81,IT,1541174100
406,richards bay,16.4,32.06,-28.77,92,3.75,100,ZA,1541175677
407,bathurst,18.55,149.58,-33.42,12,3.0,84,AU,1541175678
408,borova,10.0,30.1,50.18,90,4.0,81,UA,1541174400
409,kavieng,27.7,150.8,-2.57,32,3.05,100,PG,1541175680
410,longyearbyen,-4.0,15.63,78.22,75,9.8,73,NO,1541173800
411,bytow,9.0,17.49,54.17,0,1.5,87,PL,1541174400
412,ileza,2.8,43.9,61.05,88,2.9,96,RU,1541175683
413,nargana,26.1,-78.59,9.44,56,3.6,100,PA,1541175683
414,seoul,8.0,126.98,37.57,0,0.5,86,KR,1541174400
415,celestun,26.15,-90.4,20.87,92,1.25,100,MX,1541175685
416,northam,10.0,-4.21,51.04,20,3.6,66,GB,1541173800
417,caravelas,26.07,-39.27,-17.73,20,5.75,98,BR,1541175688
418,kungurtug,-23.16,97.53,50.6,0,0.85,55,RU,1541175689
419,bud,7.0,6.91,62.91,75,3.6,93,NO,1541173800
420,matay,26.67,30.79,28.42,0,3.45,26,EG,1541175691
421,vestmannaeyjar,4.0,-20.27,63.44,75,9.3,93,IS,1541170800
422,hobyo,26.65,48.53,5.35,0,4.6,77,SO,1541175692
423,fort nelson,-6.0,-122.69,58.81,90,3.1,85,CA,1541174400
424,pardina,15.0,28.96,45.31,75,5.1,77,RO,1541174400
425,khatra,22.45,86.85,22.98,8,1.95,90,IN,1541175694
426,sabha,28.17,14.43,27.03,88,2.05,20,LY,1541175695
427,sooke,14.0,-123.73,48.37,75,6.2,82,CA,1541174400
428,peniche,18.0,-9.38,39.36,90,5.1,87,PT,1541174400
429,craig,8.3,-107.55,40.52,90,5.7,58,US,1541174160
430,ixtapa,25.0,-105.21,20.71,90,1.3,100,MX,1541173500
431,muros,15.0,-9.06,42.77,20,1.0,87,ES,1541174400
432,puerto colombia,27.0,-74.96,10.99,75,5.1,78,CO,1541170800
433,grand gaube,22.0,57.66,-20.01,20,3.1,88,MU,1541170800
434,olbia,16.0,9.49,40.92,20,0.5,93,IT,1541173800
435,aquiraz,31.0,-38.39,-3.9,40,7.2,62,BR,1541174400
436,ilebo,25.97,20.59,-4.33,68,2.15,83,CD,1541175704
437,berlevag,5.0,29.09,70.86,0,14.9,60,NO,1541173800
438,msanga,30.0,36.03,-6.04,20,7.2,35,TZ,1541170800
439,flin flon,-2.0,-101.88,54.77,90,2.6,63,CA,1541174400
440,masterton,10.0,175.66,-40.95,92,7.0,80,NZ,1541175548
441,ust-kulom,3.07,53.69,61.69,92,2.4,96,RU,1541175707
442,atambua,25.2,124.89,-9.11,0,1.1,100,ID,1541175709
443,tezu,15.2,96.16,27.93,0,0.25,76,IN,1541175710
444,joshimath,-9.78,79.57,30.57,0,0.45,73,IN,1541175711
445,rutana,23.75,29.99,-3.93,56,1.75,71,BI,1541175711
446,yamada,4.15,137.08,36.58,0,1.0,100,JP,1541175711
447,lufilufi,24.0,-171.6,-13.87,40,2.1,94,WS,1541174400
448,dudinka,-14.71,86.18,69.41,44,4.85,75,RU,1541175713
449,nelson,11.0,-117.29,49.49,75,5.1,81,CA,1541174400
450,khash,10.1,61.21,28.22,12,4.55,25,IR,1541175714
451,luang prabang,14.72,102.14,19.89,0,0.75,84,LA,1541175715
452,westport,6.0,-9.52,53.8,75,7.7,100,IE,1541174400
453,fuquay-varina,22.2,-78.8,35.58,1,2.6,86,US,1541173980
454,erdenet,-10.66,104.04,49.03,36,1.8,74,MN,1541175718
455,methven,10.9,171.65,-43.63,92,4.2,64,NZ,1541175718
456,ishigaki,23.7,124.16,24.34,92,11.4,100,JP,1541175721
457,ketchikan,10.0,-131.65,55.34,90,8.7,92,US,1541174160
458,fairbanks,-15.0,-147.72,64.84,1,3.45,84,US,1541174280
459,aswan,30.0,32.9,24.09,20,4.1,37,EG,1541174400
460,tiarei,24.0,-149.33,-17.53,20,2.1,78,PF,1541174400
461,pecos,14.4,-103.49,31.42,1,2.65,67,US,1541174100
462,crotone,19.0,17.12,39.09,20,2.1,93,IT,1541173800
463,mana,17.0,20.24,43.52,0,2.6,82,RS,1541174400
464,nyurba,-8.53,118.35,63.29,80,3.75,75,RU,1541175729
465,karratha,24.5,116.85,-20.74,0,4.05,43,AU,1541175729
466,vols,9.0,24.4,60.17,90,6.7,100,FI,1541173800
467,port macquarie,24.0,152.91,-31.43,24,3.6,47,AU,1541174400
468,boyuibe,22.0,-63.28,-20.43,90,2.1,78,BO,1541170800
469,meulaboh,26.67,96.13,4.14,100,3.4,100,ID,1541175732
470,petropolis,27.0,-43.18,-22.5,75,4.6,74,BR,1541170800
471,sinegorye,-15.18,150.53,62.09,36,0.95,85,RU,1541175733
472,margate,8.0,147.26,-43.03,40,12.3,61,AU,1541174400
473,moose factory,1.0,-80.61,51.26,90,1.5,86,CA,1541175300
474,portland,14.4,-122.67,45.52,90,6.7,90,US,1541174400
475,kavaratti,30.3,72.64,10.57,32,2.1,96,IN,1541175736
476,lazaro cardenas,13.0,-105.62,28.39,5,2.6,37,MX,1541173200
477,presidencia roque saenz pena,28.17,-60.44,-26.79,0,5.75,77,AR,1541175739
478,ryde,10.0,-1.16,50.73,0,1.0,53,GB,1541173800
479,baturaja,22.55,104.17,-4.12,92,1.8,97,ID,1541175740
480,rakaia,11.0,172.02,-43.76,88,3.6,81,NZ,1541174400
481,privodino,2.5,46.5,61.08,88,2.85,97,RU,1541175742
482,kahului,24.4,-156.47,20.89,20,5.7,84,US,1541174400
483,shunyi,5.0,116.65,40.13,0,1.0,93,CN,1541172600
484,dok kham tai,17.5,99.99,19.16,0,1.35,81,TH,1541175744
485,anadyr,-6.0,177.51,64.73,90,6.0,85,RU,1541170800
486,el rosario,27.0,-105.86,22.99,40,2.1,74,MX,1541173440
487,christchurch,11.0,172.64,-43.53,92,3.6,81,NZ,1541174400
488,rawson,15.25,-65.11,-43.3,92,4.45,60,AR,1541175750
489,pilar,20.0,-58.91,-34.46,0,4.1,68,AR,1541170800
490,manitouwadge,1.0,-85.84,49.12,90,2.1,74,CA,1541174400
491,buta,28.07,24.73,2.79,68,1.0,76,CD,1541175753
492,ilo,17.85,-71.34,-17.65,76,1.65,90,PE,1541175755
493,oulainen,3.5,24.8,64.27,92,3.8,98,FI,1541175756
494,balsas,32.72,-46.04,-7.53,24,2.55,71,BR,1541175758
495,alta gracia,27.0,-64.43,-31.66,20,11.3,54,AR,1541170800
496,hamilton,6.0,-79.87,43.26,90,5.1,100,CA,1541175000
497,khandyga,-9.33,135.58,62.65,76,4.0,90,RU,1541175760
498,ayagoz,-20.91,80.43,47.96,0,1.2,53,KZ,1541175760
499,oussouye,36.0,-16.54,12.49,0,3.1,50,SN,1541174400
500,benito juarez,14.32,-111.57,28.64,0,1.4,44,MX,1541175761
501,znamenskoye,0.15,73.82,57.13,92,6.45,95,RU,1541175763
502,meadow lake,-1.0,-108.44,54.13,90,4.1,86,CA,1541174400
503,toledo,28.0,123.64,10.38,20,2.6,83,PH,1541174400
504,sinnamary,28.05,-52.96,5.38,56,2.2,93,GF,1541175765
505,ouadda,29.1,22.4,8.07,64,0.95,74,CF,1541175766
506,gujranwala,18.0,74.19,32.15,40,3.1,68,PK,1541174400
507,tilichiki,-15.56,166.1,60.47,88,1.4,79,RU,1541175767
508,zhezkazgan,-5.0,67.71,47.8,90,3.0,67,KZ,1541170800
509,kandhla,18.85,77.27,29.32,0,2.7,81,IN,1541175768
510,zhangye,-0.43,100.46,38.94,8,4.0,65,CN,1541175769
511,la asuncion,14.4,-78.74,-1.64,20,0.85,70,EC,1541175770
512,calama,23.0,-68.93,-22.46,0,3.1,11,CL,1541170800
513,alihe,2.07,123.73,50.57,92,2.95,73,CN,1541175770
514,acapulco,29.0,-99.88,16.86,20,1.0,74,MX,1541173800
515,camacha,20.0,-16.33,33.08,40,4.1,72,PT,1541174400
516,george town,27.0,100.33,5.42,75,1.8,88,MY,1541174400
517,macklin,-1.33,-109.94,52.34,92,7.65,89,CA,1541175774
518,betsiamites,4.0,-68.65,48.94,90,2.1,80,CA,1541174400
519,san jose de guanipa,30.97,-64.17,8.89,64,6.7,54,VE,1541175776
520,vanimo,26.6,141.3,-2.67,76,3.45,100,PG,1541175777
521,tigil,-11.41,158.67,57.8,24,1.05,69,RU,1541175778
522,faya,20.0,42.45,18.39,40,3.1,55,SA,1541170800
523,vaitape,24.95,-151.75,-16.52,92,8.5,100,PF,1541175780
524,ewa beach,24.4,-158.01,21.32,75,1.5,90,US,1541174220
525,adrar,27.0,-0.29,27.87,0,6.2,24,DZ,1541174400
526,buzdyak,1.6,54.53,54.57,92,5.35,93,RU,1541175782
527,sri aman,25.0,111.46,1.24,56,0.75,100,MY,1541174400
528,ust-tarka,-1.18,75.71,55.56,88,7.6,93,RU,1541175783
529,nurota,1.0,65.69,40.56,8,4.1,37,UZ,1541172600
530,yerky,7.47,33.53,49.93,48,3.35,75,UA,1541175784
531,atar,31.0,-13.05,20.52,0,4.1,19,MR,1541170800
532,sambava,25.42,50.17,-14.27,8,7.6,100,MG,1541175786
533,glenwood springs,5.0,-107.33,39.55,90,6.7,86,US,1541174160
534,nhulunbuy,25.0,136.78,-12.18,0,5.25,83,AU,1541174400
535,zhuhai,5.0,112.04,40.71,0,1.0,56,CN,1541170800
536,dublin,9.0,-6.26,53.35,75,4.1,66,IE,1541174400
537,satka,0.47,59.03,55.04,92,4.9,93,RU,1541175791
538,krutinka,0.95,71.51,56.01,88,7.15,94,RU,1541175791
539,nishihara,17.0,139.53,35.74,1,1.0,77,JP,1541174160
540,mogadishu,27.1,45.34,2.04,0,5.7,98,SO,1541175792
541,iskateley,-0.58,53.15,67.68,88,3.6,93,RU,1541175793
542,barinas,30.0,-70.23,8.64,75,2.85,66,VE,1541170800
543,gat,37.0,-16.54,14.69,0,4.1,32,SN,1541174400
544,visnes,9.0,5.22,59.36,40,5.7,70,NO,1541173800
545,eslamshahr,13.0,51.23,35.55,40,2.1,35,IR,1541172600
546,mehamn,5.0,27.85,71.03,0,13.4,64,NO,1541173800
547,sirjan,9.75,55.67,29.44,0,6.75,36,IR,1541175796
548,ossora,-4.91,163.07,59.24,48,7.9,100,RU,1541175797
549,nadym,-8.31,72.51,65.53,68,9.25,80,RU,1541175797
550,kattivakkam,28.0,80.32,13.22,40,2.1,88,IN,1541174400
551,sterlibashevo,0.57,55.26,53.44,80,5.4,74,RU,1541175798
